[
  {
    "product_id": "5001",
    "product_name": "Purina ONE Tender Selects Blend",
    "product_used_for": "cat",
    "product_price": "1000",
    "product_category": "food",
    "product_quantity": "50",
    "product_url": "https://1.bp.blogspot.com/-fDkt9bjLybQ/X2j5i49DkrI/AAAAAAAAyQk/b_i2ZE71gHc_2yoaXjWYrFSFqqha2OVNQCLcBGAsYHQ/w640-h640/dr.png"
  },
  {
    "product_id": "5002",
    "product_name": "Salmon dry cat food",
    "product_used_for": "cat",
    "product_price": "2000",
    "product_category": "food",
    "product_quantity": "38",
    "product_url": "https://www.scrumbles.co.uk/wp-content/uploads/2020/02/CAS-2.5kg-600x600.png"
  },
  {
    "product_id": "5003",
    "product_name": "Daring Dogs : Turkey, Carrot & Cranberries",
    "product_used_for": "dog",
    "product_price": "1500",
    "product_category": "food",
    "product_quantity": "46",
    "product_url": "https://www.scrumbles.co.uk/wp-content/uploads/2019/03/5060475830262-600x600.png"
  },
  {
    "product_id": "5004",
    "product_name": "Nibbles: Calming Dog Treats",
    "product_used_for": "dog",
    "product_price": "1675",
    "product_category": "food",
    "product_quantity": "50",
    "product_url": "https://www.scrumbles.co.uk/wp-content/uploads/2019/03/scrumbles_100g_nibbles_pouch_2020-600x600.png"
  },
  {
    "product_id": "5005",
    "product_name": "Advocate Flea, Heartworm & Worm Treatment",
    "product_used_for": "dog",
    "product_price": "5600",
    "product_category": "med",
    "product_quantity": "74",
    "product_url": "https://1.bp.blogspot.com/-yJwt-N8FdsU/X2j8UQtibRI/AAAAAAAAyRA/m5oa4jQN3hcwQX3LYToiH_liYYQCYBtYACLcBGAsYHQ/w640-h640/ad.png"
  },
  {
    "product_id": "5006",
    "product_name": "PRO PLAN: Feline FortiFlora",
    "product_used_for": "cat",
    "product_price": "3900",
    "product_category": "med",
    "product_quantity": "62",
    "product_url": "https://www.purina.co.uk/proplan/sites/g/files/mcldtz2821/files/2020-04/07613036680868_C1L1_PPVD20Cat_30x1g_43892034_2_2.png"
  },
  {
    "product_id": "5007",
    "product_name": "Seresto Flea & Tick Prevention Collar",
    "product_used_for": "cat",
    "product_price": "5999",
    "product_category": "other",
    "product_quantity": "48",
    "product_url": "https://1.bp.blogspot.com/-b4VFW0Ely74/X2j8p-gzPgI/AAAAAAAAyRI/troKmJ0ZCIo9N4_265tnKQ8Hq5s7H_YfACLcBGAsYHQ/w640-h640/imageedit_15_7258487567.png"
  },
  {
    "product_id": "5008",
    "product_name": "Feligen - RCP Vaccine",
    "product_used_for": "cat",
    "product_price": "680",
    "product_category": "med",
    "product_quantity": "50",
    "product_url": "https://nz.virbac.com/files/live/sites/virbac-nz/files/images/products/ca/feligen-rcp/Feligen-RCP_lrg.png"
  },
  {
    "product_id": "5009",
    "product_name": "San Betta Fish Food",
    "product_used_for": "fish",
    "product_price": "200",
    "product_category": "food",
    "product_quantity": "49",
    "product_url": "https://1.bp.blogspot.com/-gpHzgy-uOZw/X2j6PR63u9I/AAAAAAAAyQs/L_JOv0BJf5QLaies5RACAaOqbsRUMTirwCLcBGAsYHQ/w640-h640/bf.png"
  },
  {
    "product_id": "5010",
    "product_name": "Tetramin Tropical Flakes",
    "product_used_for": "cat",
    "product_price": "350",
    "product_category": "food",
    "product_quantity": "29",
    "product_url": "https://1.bp.blogspot.com/-nKKkG0_j1Io/X2j6h0W2nWI/AAAAAAAAyQ0/79VVXs-5xxILjINUhjcFfeo5quYzeh3nQCLcBGAsYHQ/w640-h640/tf.png"
  },
  {
    "product_id": "5011",
    "product_name": "Anti hairball Cat treats",
    "product_used_for": "cat",
    "product_price": "350",
    "product_category": "food",
    "product_quantity": "47",
    "product_url": "https://www.scrumbles.co.uk/wp-content/uploads/2019/08/scrumbles_60g_nibbles_pouch-600x600.png"
  },
  {
    "product_id": "5012",
    "product_name": "Eco-friendly Pet Bowl",
    "product_used_for": "cat, dog",
    "product_price": "300",
    "product_category": "other",
    "product_quantity": "47",
    "product_url": "https://1.bp.blogspot.com/-iG2EJJPWUWs/X2pIPmC5KUI/AAAAAAAAySc/xiRzYXKzM9oiDWsQTdLeO_w7asGZeKsuQCLcBGAsYHQ/w640-h640/pb.png"
  },
  {
    "product_id": "5013",
    "product_name": "ADVENTURE DOG LEASH",
    "product_used_for": "cat, dog",
    "product_price": "1000",
    "product_category": "other",
    "product_quantity": "50",
    "product_url": "https://1.bp.blogspot.com/-3Thm7A48GQM/X2pKJBg9AVI/AAAAAAAAySo/7DJ7ZXzlNIsdLKVVeOqminePiBSA_AZKgCLcBGAsYHQ/w640-h640/dl.png"
  }
]