[
  {
    "customer_id": "10002",
    "items": [
      {
        "Item1": "San Betta Fish Food",
        "Item2": "200",
        "Item3": "1",
        "Item4": "5009"
      }
    ],
    "status": "done"
  },
  {
    "customer_id": "10002",
    "items": [
      {
        "Item1": "Killifish",
        "Item2": "500",
        "Item3": "1",
        "Item4": "134"
      }
    ],
    "status": "pending"
  },
  {
    "customer_id": "10002",
    "items": [
      {
        "Item1": "Seresto Flea & Tick Prevention Collar",
        "Item2": "5999",
        "Item3": "2",
        "Item4": "5007"
      }
    ],
    "status": "pending"
  },
  {
    "customer_id": "10005",
    "items": [
      {
        "Item1": "German Shepherd",
        "Item2": "20000",
        "Item3": "1",
        "Item4": "102"
      }
    ],
    "status": "pending"
  },
  {
    "customer_id": "10009",
    "items": [
      {
        "Item1": "Maine Coon",
        "Item2": "7400",
        "Item3": "3",
        "Item4": "117"
      }
    ],
    "status": "pending"
  },
  {
    "customer_id": "10009",
    "items": [
      {
        "Item1": "Salmon dry cat food",
        "Item2": "2000",
        "Item3": "6",
        "Item4": "5002"
      }
    ],
    "status": "done"
  },
  {
    "customer_id": "10002",
    "items": [
      {
        "Item1": "Daring Dogs : Turkey, Carrot & Cranberries",
        "Item2": "1500",
        "Item3": "2",
        "Item4": "5003"
      },
      {
        "Item1": "Akita Chow",
        "Item2": "3200",
        "Item3": "5",
        "Item4": "107"
      },
      {
        "Item1": "Japanese Spitz",
        "Item2": "10000",
        "Item3": "5",
        "Item4": "104"
      }
    ],
    "status": "pending"
  },
  {
    "customer_id": "10009",
    "items": [
      {
        "Item1": "Daring Dogs : Turkey, Carrot & Cranberries",
        "Item2": "1500",
        "Item3": "5",
        "Item4": "5003"
      }
    ],
    "status": "pending"
  },
  {
    "customer_id": "10009",
    "items": [
      {
        "Item1": "Salmon dry cat food",
        "Item2": "2000",
        "Item3": "9",
        "Item4": "5002"
      },
      {
        "Item1": "Siberian Husky",
        "Item2": "20500",
        "Item3": "2",
        "Item4": "103"
      },
      {
        "Item1": "Japanese Spitz",
        "Item2": "10000",
        "Item3": "2",
        "Item4": "104"
      }
    ],
    "status": "pending"
  },
  {
    "customer_id": "10009",
    "items": [
      {
        "Item1": "Tetramin Tropical Flakes",
        "Item2": "350",
        "Item3": "4",
        "Item4": "5010"
      }
    ],
    "status": "pending"
  },
  {
    "customer_id": "10009",
    "items": [
      {
        "Item1": "Salmon dry cat food",
        "Item2": "2000",
        "Item3": "3",
        "Item4": "5002"
      },
      {
        "Item1": "Daring Dogs : Turkey, Carrot & Cranberries",
        "Item2": "1500",
        "Item3": "3",
        "Item4": "5003"
      },
      {
        "Item1": "Bengal Cat",
        "Item2": "7800",
        "Item3": "2",
        "Item4": "112"
      },
      {
        "Item1": "Himalayan",
        "Item2": "10000",
        "Item3": "3",
        "Item4": "116"
      },
      {
        "Item1": "Hyacinth Parrot",
        "Item2": "35800",
        "Item3": "3",
        "Item4": "130"
      },
      {
        "Item1": "Maine Coon",
        "Item2": "7400",
        "Item3": "2",
        "Item4": "117"
      },
      {
        "Item1": "Goldfish",
        "Item2": "700",
        "Item3": "3",
        "Item4": "132"
      }
    ],
    "status": "pending"
  },
  {
    "customer_id": "10009",
    "items": [
      {
        "Item1": "Daring Dogs : Turkey, Carrot & Cranberries",
        "Item2": "1500",
        "Item3": "3",
        "Item4": "5003"
      }
    ],
    "status": "pending"
  },
  {
    "customer_id": "10014",
    "items": [
      {
        "Item1": "Salmon dry cat food",
        "Item2": "2000",
        "Item3": "3",
        "Item4": "5002"
      },
      {
        "Item1": "Golden Retriever",
        "Item2": "32500",
        "Item3": "2",
        "Item4": "110"
      },
      {
        "Item1": "Daring Dogs : Turkey, Carrot & Cranberries",
        "Item2": "1500",
        "Item3": "2",
        "Item4": "5003"
      }
    ],
    "status": "pending"
  },
  {
    "customer_id": "10014",
    "items": [
      {
        "Item1": "German Shepherd",
        "Item2": "20000",
        "Item3": "1",
        "Item4": "102"
      },
      {
        "Item1": "Anti hairball Cat treats",
        "Item2": "350",
        "Item3": "3",
        "Item4": "5011"
      },
      {
        "Item1": "San Betta Fish Food",
        "Item2": "200",
        "Item3": "8",
        "Item4": "5009"
      },
      {
        "Item1": "Japanese Spitz",
        "Item2": "10000",
        "Item3": "1",
        "Item4": "104"
      }
    ],
    "status": "pending"
  },
  {
    "customer_id": "10014",
    "items": [
      {
        "Item1": "Tetramin Tropical Flakes",
        "Item2": "350",
        "Item3": "4",
        "Item4": "5010"
      },
      {
        "Item1": "PRO PLAN: Feline FortiFlora",
        "Item2": "3900",
        "Item3": "3",
        "Item4": "5006"
      },
      {
        "Item1": "Eco-friendly Pet Bowl",
        "Item2": "300",
        "Item3": "3",
        "Item4": "5012"
      }
    ],
    "status": "pending"
  },
  {
    "customer_id": "10014",
    "items": [
      {
        "Item1": "Seresto Flea & Tick Prevention Collar",
        "Item2": "5999",
        "Item3": "4",
        "Item4": "5007"
      },
      {
        "Item1": "Hyacinth Parrot",
        "Item2": "35800",
        "Item3": "1",
        "Item4": "130"
      },
      {
        "Item1": "Goldfish",
        "Item2": "700",
        "Item3": "3",
        "Item4": "132"
      }
    ],
    "status": "done"
  },
  {
    "customer_id": "10014",
    "items": [
      {
        "Item1": "Goldendoogle",
        "Item2": "12400",
        "Item3": "1",
        "Item4": "106"
      },
      {
        "Item1": "Purina ONE Tender Selects Blend",
        "Item2": "1000",
        "Item3": "2",
        "Item4": "5001"
      },
      {
        "Item1": "Advocate Flea, Heartworm & Worm Treatment",
        "Item2": "5600",
        "Item3": "2",
        "Item4": "5005"
      }
    ],
    "status": "done"
  },
  {
    "customer_id": "10014",
    "items": [
      {
        "Item1": "Daring Dogs : Turkey, Carrot & Cranberries",
        "Item2": "1500",
        "Item3": "2",
        "Item4": "5003"
      },
      {
        "Item1": "San Betta Fish Food",
        "Item2": "200",
        "Item3": "2",
        "Item4": "5009"
      }
    ],
    "status": "done"
  },
  {
    "customer_id": "10016",
    "items": [
      {
        "Item1": "Tetramin Tropical Flakes",
        "Item2": "350",
        "Item3": "3",
        "Item4": "5010"
      },
      {
        "Item1": "Akita Chow",
        "Item2": "3200",
        "Item3": "4",
        "Item4": "107"
      }
    ],
    "status": "pending"
  },
  {
    "customer_id": "10014",
    "items": [
      {
        "Item1": "Goldendoogle",
        "Item2": "12400",
        "Item3": "4",
        "Item4": "106"
      },
      {
        "Item1": "Salmon dry cat food",
        "Item2": "2000",
        "Item3": "3",
        "Item4": "5002"
      }
    ],
    "status": "done"
  }
]