[
  {
    "pet_id": "101",
    "pet_breed": "Dalmatian",
    "pet_url": "https://1.bp.blogspot.com/-3_Akl8DwI8o/X1UjSSus2II/AAAAAAAAx6A/Y56uSZZIlKoccgbDTcT54unETDo1-XggwCLcBGAsYHQ/w625-h625/dal.jpg",
    "pet_category": "dog",
    "pet_color": "Black and White",
    "pet_weight": "5kg",
    "pet_age": "6 months",
    "pet_description": "The Dalmatian is a graceful, medium-sized dog with a sleek, muscular body. The tail is fairly long and has a slight, upward curve. The coat is short and dense, with brown or black spots on white. The Dalmatian sheds heavily, even though the coat is short.",
    "pet_price": "10000",
    "pet_unit": "51"
  },
  {
    "pet_id": "102",
    "pet_breed": "German Shepherd",
    "pet_url": "https://1.bp.blogspot.com/-FO8Bb0VVS0U/X2kVaZixopI/AAAAAAAAyRU/2KTs9eyx-tsHfRo9pCaSNBOVsxGPtV3ugCLcBGAsYHQ/w640-h640/10-after-the-snow.jpg",
    "pet_category": "dog",
    "pet_color": "Brown and Black",
    "pet_weight": "15kg",
    "pet_age": "6 months",
    "pet_description": "The German Shepherd Dog is a large-sized breed belonging to the herding group of working dogs. Intelligent as it is versatile, this breed was originally developed in Germany to guard and herd a shepherd's flocks.",
    "pet_price": "20000",
    "pet_unit": "49"
  },
  {
    "pet_id": "103",
    "pet_breed": "Siberian Husky",
    "pet_url": "https://www.srisaipetworld.in/wp-content/uploads/2018/11/Saiberian-Husky-pups-in-Chandigarh-600x600.jpg",
    "pet_category": "dog",
    "pet_color": "Black and White",
    "pet_weight": "18 kg",
    "pet_age": "6 months",
    "pet_description": "The Siberian Husky is a medium-sized working dog, quick and light on his feet and free and graceful in action. His moderately compact and well furred body, erect ears and brush tail suggest his Northern heritage. His characteristic gait is smooth and seemingly effortless.",
    "pet_price": "20500",
    "pet_unit": "49"
  },
  {
    "pet_id": "104",
    "pet_breed": "Japanese Spitz",
    "pet_url": "https://www.dogimages.org.uk/pimage/483/10622299/10622299_450_450_81393_0_fill_0_64981e1fa0d8b1479e742527df616981.jpg",
    "pet_category": "dog",
    "pet_color": "White",
    "pet_weight": "10 kg",
    "pet_age": "4 months",
    "pet_description": "The Japanese Spitz is an active, loyal and affectionate dog that enjoys human interaction and is always eager to please. They are alert and have great courage, making them good watchdogs as they have a tendency to bark to warn off strangers. ",
    "pet_price": "10000",
    "pet_unit": "43"
  },
  {
    "pet_id": "105",
    "pet_breed": "Afador",
    "pet_url": "https://1.bp.blogspot.com/-law-wQ0dtR0/X1RqmmidWcI/AAAAAAAAx4s/XpYWb1u6K7oQNvEaVjD-8vcqJ_2IGA3GwCLcBGAsYHQ/w624-h625/afador.jpg",
    "pet_category": "dog",
    "pet_color": "Brownish Black and White",
    "pet_weight": "4kg",
    "pet_age": "3 months",
    "pet_description": "Afadors make excellent family pets, although they do better with older children and seasoned dog owners who can give the breed the training and attention they require. The mixed breed is very energetic and athletic, so access to a safe outdoor space is preferred.",
    "pet_price": "5500",
    "pet_unit": "51"
  },
  {
    "pet_id": "106",
    "pet_breed": "Goldendoogle",
    "pet_url": "https://1.bp.blogspot.com/-C0I6qw-7wZw/X1Unn8AVNpI/AAAAAAAAx6M/YWTShxB60LYZIIatKgARq0lmzYPQ85N9wCLcBGAsYHQ/w623-h625/goldendd.jpg",
    "pet_category": "dog",
    "pet_color": "Brown",
    "pet_weight": "4kg",
    "pet_age": "1 months",
    "pet_description": "Affectionate, intelligent, and low-shedding, these dogs inherited some of the best traits from their parent breeds. Good for novice dog parents and experienced canine families alike, you'd have a hard time finding a more loving companion.",
    "pet_price": "12400",
    "pet_unit": "49"
  },
  {
    "pet_id": "107",
    "pet_breed": "Akita Chow",
    "pet_url": "https://i.pinimg.com/564x/b8/2e/0a/b82e0a2bb0209a8df0612e3319de75aa.jpg",
    "pet_category": "dog",
    "pet_color": "Fox Brown",
    "pet_weight": "3kg",
    "pet_age": "1.5 months",
    "pet_description": "The Akita Chow is a mixed breed dog, a cross between the Akita and Chow Chow dog breeds. Large, independent, and loyal, these pups inherited some of the best traits from both of their parents.",
    "pet_price": "3200",
    "pet_unit": "33"
  },
  {
    "pet_id": "108",
    "pet_breed": "Akita Shepherd",
    "pet_url": "https://dog-gear.com/wp-content/uploads/2018/10/akita1.jpg",
    "pet_category": "dog",
    "pet_color": "Black and White",
    "pet_weight": "30kg",
    "pet_age": "1 year",
    "pet_description": "An Akita Shepherd is a mixed breed dog, a cross between the Akita and German Shepherd Dog breeds. Stoic, loyal, and hard-working, these pups inherited some of the best traits from both of their parents.",
    "pet_price": "30200",
    "pet_unit": "51"
  },
  {
    "pet_id": "109",
    "pet_breed": "Dutch Shepherd",
    "pet_url": "https://gfp-2a3tnpzj.stackpathdns.com/wp-content/uploads/2020/03/Scout-M1-600x600.jpg",
    "pet_category": "dog",
    "pet_color": "Black with Brown Tint",
    "pet_weight": "18 kg",
    "pet_age": "8 months",
    "pet_description": "Originally used by shepherds in the Netherlands for all-around farm work, the Dutch Shepherd is an intelligent, highly trainable jack-of-all-trades. In modern times, they find jobs as police dogs, service animals, and family-friendly companions.",
    "pet_price": "24300",
    "pet_unit": "51"
  },
  {
    "pet_id": "110",
    "pet_breed": "Golden Retriever",
    "pet_url": "https://1.bp.blogspot.com/--YBdh5bR4lU/X1UiZzXcm0I/AAAAAAAAx54/LlIii5gyou0tEBw-OtwtOtNiDuu3X0hDwCLcBGAsYHQ/w625-h625/gold.jpg",
    "pet_category": "dog",
    "pet_color": "Brown",
    "pet_weight": "9 kg",
    "pet_age": "3 months",
    "pet_description": "The Golden Retriever is a sturdy, muscular dog of medium size, famous for the dense, lustrous coat of gold that gives the breed its name. The broad head, with its friendly and intelligent eyes, short ears, and straight muzzle, is a breed hallmark. Goldens are outgoing, trustworthy, and eager-to-please family dogs, and relatively easy to train. ",
    "pet_price": "32500",
    "pet_unit": "43"
  },
  {
    "pet_id": "111",
    "pet_breed": "Abyssinian",
    "pet_url": "https://dress-fr.techinfus.com/images/article/orig/2019/03/abissinskie-koshki-okrasa-sorrel-osobennosti-cveta-i-tonkosti-uhoda-3.jpg",
    "pet_category": "cat",
    "pet_color": "Brown",
    "pet_weight": "1kg",
    "pet_age": "8 months",
    "pet_description": "A love of heights is a signal trait of the Abyssinian. He likes to be as high up as possible and will appreciate having one or more ceiling-height cat trees.",
    "pet_price": "4300",
    "pet_unit": "52"
  },
  {
    "pet_id": "112",
    "pet_breed": "Bengal Cat",
    "pet_url": "https://1.bp.blogspot.com/-TOC0NCDJeiY/X1e7jYBi54I/AAAAAAAAx9Q/VY8zqdeQuUIB8WWLMPl6IIu-BtsS88vlgCLcBGAsYHQ/w625-h625/bengal.jpg",
    "pet_category": "cat",
    "pet_color": "Brown With Black Spots",
    "pet_weight": "1.4 kg",
    "pet_age": "6 months",
    "pet_description": "The Bengal could never be called delicate. They're athletes: agile and graceful with a strong, muscular body, as befits a cat who looks as if they belong in the jungle.",
    "pet_price": "7800",
    "pet_unit": "47"
  },
  {
    "pet_id": "113",
    "pet_breed": "Persian Cat",
    "pet_url": "https://favcats.com/wp-content/uploads/howtoremovepersiancatknots_D669F19F.jpg",
    "pet_category": "cat",
    "pet_color": "White",
    "pet_weight": "2 kg",
    "pet_age": "9 months",
    "pet_description": "The Persian is the glamor puss of the cat world. His beautiful, flowing coat, sweet face and calm personality have combined to make him the most popular cat breed. He is high maintenance and he has some health issues, but for many his looks and personality overcome those drawbacks",
    "pet_price": "14650",
    "pet_unit": "40"
  },
  {
    "pet_id": "114",
    "pet_breed": "Siamese",
    "pet_url": "https://1.bp.blogspot.com/-Jc7gn1dGydg/X1e-g5MR38I/AAAAAAAAx9c/kd-wTGT9Kygupu9taUqPFp7Mq8SKKaslQCLcBGAsYHQ/w625-h625/s.jpg",
    "pet_category": "cat",
    "pet_color": "Bronze and black",
    "pet_weight": "1 kg",
    "pet_age": "2 months",
    "pet_description": "The Siamese is a long, elegant cat. The body is long, the neck is long, the legs and tail are long. The breed is medium sized but nicely muscled. ... The beauty of the Siamese cat is the look of the slender body, the blue eyes and the contrast between the color on the body and the darker color of the extremities.",
    "pet_price": "2380",
    "pet_unit": "43"
  },
  {
    "pet_id": "115",
    "pet_breed": "Exotic",
    "pet_url": "https://1.bp.blogspot.com/-WxESp5mlgMo/X1e___tItmI/AAAAAAAAx9o/m9GBKjAeCoAETPHQiEfNu6Jeq_L3CqW1ACLcBGAsYHQ/w625-h625/x.jpg",
    "pet_category": "cat",
    "pet_color": "Black,Brown And White",
    "pet_weight": "1.8kg",
    "pet_age": "3 months",
    "pet_description": "The Exotic is sweet, docile and quiet, but don't get the idea that she is merely an adornment for the home. She loves to play when she's not sitting in a lap or being petted.",
    "pet_price": "6700",
    "pet_unit": "25"
  },
  {
    "pet_id": "116",
    "pet_breed": "Himalayan",
    "pet_url": "https://1.bp.blogspot.com/-tWV4DY6no4M/X1fAw1mbQ7I/AAAAAAAAx9w/yKQaOiUq3CgdhhCIpUiSPXrF_12vftDkACLcBGAsYHQ/w625-h625/h.jpg",
    "pet_category": "cat",
    "pet_color": "Bronze And White",
    "pet_weight": "2 kg",
    "pet_age": "8 months",
    "pet_description": "The Himalayan, or Himmie for short, is a Persian in Siamese drag, affectionate but discriminating.",
    "pet_price": "10000",
    "pet_unit": "48"
  },
  {
    "pet_id": "117",
    "pet_breed": "Maine Coon",
    "pet_url": "https://1.bp.blogspot.com/-u6j1xRAGjCU/X1fCTffs0OI/AAAAAAAAx98/Pumq6MMrgkMs8LULnTXwVUQ6hhlBta-bwCLcBGAsYHQ/w625-h625/ms.jpg",
    "pet_category": "cat",
    "pet_color": "Brown, Bronze and Black",
    "pet_weight": "1.8 kg",
    "pet_age": "9 months",
    "pet_description": "The Maine Coon is a large and sociable cat, hence its nickname, 'the gentle giant' . It is characterized by a prominent ruff along its chest, robust bone structure, rectangular body shape, an uneven two-layered coat with longer guard hairs over a silky satin undercoat, and a long, bushy tail.",
    "pet_price": "7400",
    "pet_unit": "50"
  },
  {
    "pet_id": "118",
    "pet_breed": "Norwegian Forrest",
    "pet_url": "https://i.pinimg.com/originals/5d/01/4b/5d014b7438bdf32feb7c0047e8369aa2.jpg",
    "pet_category": "cat",
    "pet_color": "Grey and White",
    "pet_weight": "1 kg",
    "pet_age": "8 months",
    "pet_description": "The gentle and friendly Norwegian Forest Cat, Wegie, for short  is fond of family members but does not demand constant attention and petting.",
    "pet_price": "7600",
    "pet_unit": "60"
  },
  {
    "pet_id": "119",
    "pet_breed": "Savannah",
    "pet_url": "https://1.bp.blogspot.com/-JwRlgH8pags/X1fEFBXbvKI/AAAAAAAAx-I/2CxPjxS5eggxHYA207rNwnAgCAitA7O6wCLcBGAsYHQ/w625-h625/ss.jpg",
    "pet_category": "cat",
    "pet_color": "Brown With Black Spots",
    "pet_weight": "2 kg",
    "pet_age": "11 months",
    "pet_description": "If you want a low-energy cat to snuggle all day while you binge on Netflix, think twice about adopting a Savannah cat. This breed has lots of energy and needs physical and mental stimulation.",
    "pet_price": "13,999",
    "pet_unit": "60"
  },
  {
    "pet_id": "120",
    "pet_breed": "Khao Manee",
    "pet_url": "https://1.bp.blogspot.com/-bSkniOEUE1M/X2lKcoxqNgI/AAAAAAAAyR0/Ixp9d_JIJ_oGwjHiGnkf4LVTLzgRBT-FQCLcBGAsYHQ/w640-h640/km.jpg",
    "pet_category": "cat",
    "pet_color": "White",
    "pet_weight": "0.8 kg",
    "pet_age": "5 months",
    "pet_description": "The Khao Manee is a natural cat breed, which means they developed without the need for human intervention. These felines are known for being energetic, smart, and sociable.",
    "pet_price": "3999",
    "pet_unit": "50"
  },
  {
    "pet_id": "121",
    "pet_breed": "Parakeets",
    "pet_url": "https://1.bp.blogspot.com/-3qpxwgpiZdA/X1fGMa5lwbI/AAAAAAAAx-U/YJCecGI8JX8okhX4QDsNitp1Hq8gkegXACLcBGAsYHQ/w625-h625/p.jpg",
    "pet_category": "bird",
    "pet_color": "Blue and white",
    "pet_weight": "300 grams",
    "pet_age": "2 months",
    "pet_description": "Parakeets need fresh water daily, and small bowls of food in the cage so they can fly from one to another, Blanchette says. Feed your parakeet pellets mixed with a few seeds as well as fresh veggies, like carrot strips or broccoli florets.",
    "pet_price": "3200",
    "pet_unit": "48"
  },
  {
    "pet_id": "122",
    "pet_breed": "Parrotlets",
    "pet_url": "https://1.bp.blogspot.com/-3CXxPtn7Dog/X1fGlCjAuRI/AAAAAAAAx-c/V4mDFlp6InsZl6fOJxnXGjFu99OFqP54QCLcBGAsYHQ/w625-h625/pp.jpg",
    "pet_category": "bird",
    "pet_color": "Green",
    "pet_weight": "150 grams",
    "pet_age": "2 months",
    "pet_description": "You'll want spend quality time with this bird, or else your pet parrotlet can pick at the bars of their cage, rip things apart in your house or pluck at their feathers, Blanchette says. So, like all birds, get a roomy cage, put in plenty of interesting toys that are changed up weekly, and get up close and personal with your bird",
    "pet_price": "2250",
    "pet_unit": "47"
  },
  {
    "pet_id": "123",
    "pet_breed": "Conures",
    "pet_url": "https://1.bp.blogspot.com/-xCTSyNmKxhk/X1fG_3s8FXI/AAAAAAAAx-k/2pXSc8beLVw0n8PTeYhmTXF68bNh5yy2gCLcBGAsYHQ/w625-h625/c.jpg",
    "pet_category": "bird",
    "pet_color": "Yellow And Green",
    "pet_weight": "300 grams",
    "pet_age": "2 months",
    "pet_description": "These birds also rank among the best parrots for pets, according to the 8 percent of bird parents who have one. They come in all sizes and colors, from the smaller green-cheeked conure to the larger sun and blue-crowned conures.",
    "pet_price": "3750",
    "pet_unit": "40"
  },
  {
    "pet_id": "124",
    "pet_breed": "Cockatiels",
    "pet_url": "https://1.bp.blogspot.com/-XsNHmBsL5w0/X1fHWIaYA2I/AAAAAAAAx-w/EM3she9BhAwsvL18fIaMU9zxX-iizEoGwCLcBGAsYHQ/w625-h625/k.jpg",
    "pet_category": "bird",
    "pet_color": "White",
    "pet_weight": "250 grams",
    "pet_age": "3 months",
    "pet_description": "Cockatiels rank just behind parakeets when it comes to the best birds for pets, according to their popularity in APPA's survey. These pint-sized parrots are members of the cockatoo family, and their sunny, easy-going personalities score points with their parents.",
    "pet_price": "3500",
    "pet_unit": "55"
  },
  {
    "pet_id": "125",
    "pet_breed": "Cockatoo",
    "pet_url": "https://1.bp.blogspot.com/-TxX4YS24NOI/X1fJbqIfJSI/AAAAAAAAx-8/aQvOQLYHf80zozxHEs5hi3JqUq7TMFaCgCLcBGAsYHQ/w625-h625/kk.jpg",
    "pet_category": "bird",
    "pet_color": "White",
    "pet_weight": "500 grams",
    "pet_age": "7 months",
    "pet_description": "A cockatoo is any of the 21 parrot species belonging to the family Cacatuidae, the only family in the superfamily Cacatuoidea. ... Their plumage is generally less colourful than that of other parrots, being mainly white, grey or black and often with coloured features in the crest, cheeks or tail.",
    "pet_price": "20000",
    "pet_unit": "52"
  },
  {
    "pet_id": "126",
    "pet_breed": "Ring-Necked Doves",
    "pet_url": "https://lafeber.com/pet-birds/wp-content/uploads/2018/06/Ring-Necked-Dove.jpg",
    "pet_category": "bird",
    "pet_color": "Grey",
    "pet_weight": "400 grams",
    "pet_age": "3 months",
    "pet_description": "They're pretty happy if you just watch TV. They may want you to roll a little bell around to play with. Or they may want to just sit and get petted on the head, she says. They're perfect for people who want to keep birds as pets, but don't (or can't) invest the time it takes to care for a parrot.",
    "pet_price": "800",
    "pet_unit": "50"
  },
  {
    "pet_id": "127",
    "pet_breed": "Pionus Parrots",
    "pet_url": "https://lafeber.com/pet-birds/wp-content/uploads/2018/06/Pionus.jpg",
    "pet_category": "bird",
    "pet_color": "Blue and Green",
    "pet_weight": "600 grams",
    "pet_age": "6 months",
    "pet_description": "The blue-headed Pionus makes an excellent pet parrot for first-time bird parents. They are easy to care for, very loving, playful and they have a mellow temper. They can make great apartment birds",
    "pet_price": "5999",
    "pet_unit": "44"
  },
  {
    "pet_id": "128",
    "pet_breed": "Scarlet Macaw",
    "pet_url": "https://1.bp.blogspot.com/-8CLi-LUJgr4/X1fKf1ZprJI/AAAAAAAAx_E/XCo8Fl1oH785BLkqzeQ2Hdm8HjibLox9gCLcBGAsYHQ/w625-h625/pa.jpg",
    "pet_category": "bird",
    "pet_color": "Red,Yellow And Blue",
    "pet_weight": "800 grams",
    "pet_age": "7 months",
    "pet_description": "The scarlet is a sassy bird, filled with energy and personality. It's highly intelligent, as well as a capable escape artist.",
    "pet_price": "45000",
    "pet_unit": "41"
  },
  {
    "pet_id": "129",
    "pet_breed": "Sun Conure Parrot",
    "pet_url": "https://lafeber.com/pet-birds/wp-content/uploads/2018/06/Conure.jpg",
    "pet_category": "bird",
    "pet_color": "Golden",
    "pet_weight": "750 grams",
    "pet_age": "7 months",
    "pet_description": "The sun conure is bold in both appearance and in personality. Suns are known for their vocalizing, which can be loud a times, as well as their playfulness and adventurous nature.",
    "pet_price": "23999",
    "pet_unit": "52"
  },
  {
    "pet_id": "130",
    "pet_breed": "Hyacinth Parrot",
    "pet_url": "https://lafeber.com/pet-birds/wp-content/uploads/2018/06/Hyacinth-Macaw.jpg",
    "pet_category": "bird",
    "pet_color": "Blue",
    "pet_weight": "700 grams",
    "pet_age": "5 months",
    "pet_description": "The hyacinth macaw stunning cobalt-blue coloring and massive size will cause anyone to pause and take notice. Bright yellow around the eyes and at the base and the corners of the beak makes the largest of the macaw species appear to be in a perpetual smile. ",
    "pet_price": "35800",
    "pet_unit": "38"
  },
  {
    "pet_id": "131",
    "pet_breed": "Betta",
    "pet_url": "https://i.pinimg.com/736x/30/0e/e7/300ee7b61556b2c77f0248ebbf67fbfc.jpg",
    "pet_category": "fish",
    "pet_color": "Greenish Black and orange",
    "pet_weight": "50 grams",
    "pet_age": "1 months",
    "pet_description": "For ease of maintenance, bettas can't be beat. Also known as Siamese fighting fish, bettas require separation from most other species, which means these brilliantly colored swimmers do well in small fish bowls. While keeping male bettas separate is imperative, some female bettas can live in tanks with other fish. Bettas are a cold-water species.",
    "pet_price": "500",
    "pet_unit": "40"
  },
  {
    "pet_id": "132",
    "pet_breed": "Goldfish",
    "pet_url": "https://1.bp.blogspot.com/-7hPz7rygF84/X1fMH9cZRPI/AAAAAAAAx_Q/G66ocGYAWnsoGtt2qTUZgNi3gvEzR4LsACLcBGAsYHQ/w625-h625/gold.jpg",
    "pet_category": "fish",
    "pet_color": "Golden",
    "pet_weight": "80 grams",
    "pet_age": "3 months",
    "pet_description": "Another cold-water fish, goldfish belong to the carp family. Because they enjoy cool water temperatures, keep goldfish in a separate tank from warm water fish. Avoid keeping goldfish in a bowl, as they can grow quite long and need sufficient swimming room.",
    "pet_price": "700",
    "pet_unit": "44"
  },
  {
    "pet_id": "133",
    "pet_breed": "Angel Fish",
    "pet_url": "https://1.bp.blogspot.com/-ppH3eyWvg-Q/X1fMyocCffI/AAAAAAAAx_Y/eSITCGEZfXMRmxLPoPfU-DEJ70MY8PTQwCLcBGAsYHQ/w625-h625/angel.jpg",
    "pet_category": "fish",
    "pet_color": "Striped Blue and Yellow",
    "pet_weight": "200 grams",
    "pet_age": "1 months",
    "pet_description": "Large, lovely and graceful, angelfish appear in various color patterns. Because of their size when full-grown, angelfish require at least a 55-gallon tank. Angelfish do well with other fish species (although they may eat very small fish) but can fight with each other.",
    "pet_price": "2000",
    "pet_unit": "55"
  },
  {
    "pet_id": "134",
    "pet_breed": "Killifish",
    "pet_url": "https://i.pinimg.com/originals/dd/4d/be/dd4dbea3f45a2bfd83fe4f9b983d2b1e.jpg",
    "pet_category": "fish",
    "pet_color": "Green",
    "pet_weight": "10 grams",
    "pet_age": "1 months",
    "pet_description": "Killifish come in a wide variety of bright colors. They are extremely hardy fish, and there are over 700 species a breed to suit almost every tank condition.",
    "pet_price": "500",
    "pet_unit": "49"
  },
  {
    "pet_id": "135",
    "pet_breed": "Oscar",
    "pet_url": "https://1.bp.blogspot.com/-IGxG7uMXFoo/X1fPtTnwkyI/AAAAAAAAx_k/VBT6gO8HTFgUyhHyym3WcWPlnv3wflvVACLcBGAsYHQ/w625-h625/osc.jpg",
    "pet_category": "fish",
    "pet_color": "Scattered Black and Orange",
    "pet_weight": "300 grams",
    "pet_age": "2 months",
    "pet_description": "Oscars are thought to be one of the most intelligent aquarium fish available, and are one of the few species that can be trained to do tricks.",
    "pet_price": "2000",
    "pet_unit": "42"
  },
  {
    "pet_id": "136",
    "pet_breed": "Platies",
    "pet_url": "https://1.bp.blogspot.com/-fGbqw5WgHjQ/X1fRA9jlBzI/AAAAAAAAx_w/bQEWrb4zEME8zQ6bl1a1XGypbaMlJJscQCLcBGAsYHQ/w625-h625/p.jpg",
    "pet_category": "fish",
    "pet_color": "Red",
    "pet_weight": "10 grams",
    "pet_age": "1 months",
    "pet_description": "Platies are ideal for those getting started in tropical fishkeeping. They are available in dozens of shades, and their harmonious natures mean they are good community fish. If you only have room for a smaller tank, around 10 gallons, little platies make a good choice.",
    "pet_price": "600",
    "pet_unit": "100"
  },
  {
    "pet_id": "137",
    "pet_breed": "Guppies",
    "pet_url": "https://1.bp.blogspot.com/-6tt3eVE1PUI/X1fS5xiVgXI/AAAAAAAAx_8/XVLzKp0ZPSE6wpBOZsSV0ogG5MLWKozjQCLcBGAsYHQ/w625-h625/gg.jpg",
    "pet_category": "fish",
    "pet_color": "Scattered Black,White and Red",
    "pet_weight": "20 grams",
    "pet_age": "1 months",
    "pet_description": "These easy-care aquarium fish appear in a variety of colors. There is one drawback to guppies: They breed constantly, so if you have male and females together, the offspring can soon overwhelm a tank. For best results, choose all males or all females.",
    "pet_price": "800",
    "pet_unit": "60"
  },
  {
    "pet_id": "138",
    "pet_breed": "Mollies",
    "pet_url": "https://1.bp.blogspot.com/-1GIv3gU1FxE/X1fUK2Gs4-I/AAAAAAAAyAI/coAl_sc89nchHUdf5oRptAfw4Hlf7NxjACLcBGAsYHQ/w625-h625/m.jpg",
    "pet_category": "fish",
    "pet_color": "Black and White",
    "pet_weight": "30 grams",
    "pet_age": "1 months",
    "pet_description": "This small, peaceful species grow to around 3-4 inches, and adapt well to a variety of water conditions.",
    "pet_price": "900",
    "pet_unit": "60"
  },
  {
    "pet_id": "139",
    "pet_breed": "Tiger Barb",
    "pet_url": "https://1.bp.blogspot.com/-w_mQNdGNiSI/X1fVJCtwgWI/AAAAAAAAyAQ/Dp615gzva1oMoohu5L-yJhFDbDT7Lh8KQCLcBGAsYHQ/w625-h625/tb.jpg",
    "pet_category": "fish",
    "pet_color": "Striped Black And White",
    "pet_weight": "10 grams",
    "pet_age": "2 months",
    "pet_description": "The Tiger Barb is a lively, energetic fish famous for its recognizable orange and black striped pattern. As a schooling fish, Tiger Barbs should be kept in groups of 5-6 for best results.",
    "pet_price": "499",
    "pet_unit": "50"
  },
  {
    "pet_id": "140",
    "pet_breed": "Sunburst Danios",
    "pet_url": "https://i.pinimg.com/736x/b5/3c/3d/b53c3d3a72825a2255fc839da4e0bb8f.jpg",
    "pet_category": "fish",
    "pet_color": "Golden Orange",
    "pet_weight": "200 grams",
    "pet_age": "3 months",
    "pet_description": "The Sunburst Orange GloFish Danio is a genetically modified Zebra Danio, that has been genetically modified with a fluorescent protein gene and selectively bred to enhance the naturally occurring but rare fluorescent coloration.",
    "pet_price": "1999",
    "pet_unit": "40"
  },
  {
    "pet_id": "141",
    "pet_breed": "American Rabbit",
    "pet_url": "https://mohrs.org/wp-content/uploads/2015/11/bunnyinhand-600x600.jpg",
    "pet_category": "other",
    "pet_color": "Golden",
    "pet_weight": "1 kg",
    "pet_age": "3 months",
    "pet_description": "The rare breed is a great choice for first-time owners because of its calm, sweet nature. Young children, however, are not recommended to care for them since they are shy and may bite if not handled gently.",
    "pet_price": "3500",
    "pet_unit": "50"
  },
  {
    "pet_id": "142",
    "pet_breed": "Belgian Rabbit",
    "pet_url": "https://1.bp.blogspot.com/-j3-qqsgAvBw/X1fXUPvjufI/AAAAAAAAyAc/gkkchzBNffsBBBGKOQUoHHD3Fs8bz0sZwCLcBGAsYHQ/w625-h625/br.jpg",
    "pet_category": "other",
    "pet_color": "Brown",
    "pet_weight": "2 kg",
    "pet_age": "4 months",
    "pet_description": "Tracing its roots back to the 18th century, the Belgian Hare is one of the oldest breeds. It thrives best outdoors with ample space and hay.",
    "pet_price": "4000",
    "pet_unit": "51"
  },
  {
    "pet_id": "143",
    "pet_breed": "Californian Rabbit",
    "pet_url": "https://1.bp.blogspot.com/-C9g59TJ0yFU/X1fXqy14oRI/AAAAAAAAyAk/m0yqNflxTZ8imPMtA8eDnuFyL98fKVWVQCLcBGAsYHQ/w625-h625/cr.jpg",
    "pet_category": "other",
    "pet_color": "Black And White",
    "pet_weight": "1 kg",
    "pet_age": "6 months",
    "pet_description": "A cross between a Himalayan and a Chinchilla, the Cal's dense coat allows them to enjoy time indoors and outdoors (including the snow). Although bred for show, the Californian loves to interact with its human family through play and cuddle time.",
    "pet_price": "3500",
    "pet_unit": "55"
  },
  {
    "pet_id": "144",
    "pet_breed": "Guinea Pig",
    "pet_url": "https://cbdogofficial.it/wp-content/uploads/2017/06/Guinea-Pig-600x600.jpg",
    "pet_category": "other",
    "pet_color": "Brown",
    "pet_weight": "0.5 kg",
    "pet_age": "3 months",
    "pet_description": "Guinea pigs, also known as cavies, are friendly and inquisitive pets. However, they need commitment and regular attention to ensure they stay healthy and happy. Guinea pigs are sociable pocket pets, are easily tamed, and can live for up to ten years. Their friendly nature makes them fantastic pets",
    "pet_price": "600",
    "pet_unit": "46"
  },
  {
    "pet_id": "145",
    "pet_breed": "Dutch Rabbit",
    "pet_url": "https://1.bp.blogspot.com/-PQZc0CAitBg/X1fZ3GvbMHI/AAAAAAAAyAw/RC92YKWzRcsDhaLs7kq372izY1DEEKmfgCLcBGAsYHQ/w625-h625/dr.jpg",
    "pet_category": "other",
    "pet_color": "Black And White",
    "pet_weight": "1.5 kg",
    "pet_age": "7 months",
    "pet_description": "Developed in England in the 1830s, the Dutch is one of the most popular breeds. Socializing is key for this energetic rabbit, who can become depressed if it spends too much time in its cage.",
    "pet_price": "3999",
    "pet_unit": "41"
  },
  {
    "pet_id": "146",
    "pet_breed": "Long Eared Owl",
    "pet_url": "https://lh3.ggpht.com/eV27gajI-uzE9vHOMcN7P45l7Zd8p8G4rq-A7UuiFCjWBWf4gbvaNflsoA4bNEvZ_qZ73eEaVkRFJO9Z4g=s600",
    "pet_category": "other",
    "pet_color": "Brown",
    "pet_weight": "0.5 kg",
    "pet_age": "7 months",
    "pet_description": "Found in North America, Europe and Asia, the long-eared owl takes up residence in the abandoned nests of similarly sized birds such as hawks, ravens or magpies.",
    "pet_price": "3600",
    "pet_unit": "25"
  },
  {
    "pet_id": "147",
    "pet_breed": "Snowy Owl",
    "pet_url": "https://www.wxpr.org/sites/wxpr/files/styles/medium/public/201511/Snowy_Owl_Barrow_Alaska.jpg",
    "pet_category": "other",
    "pet_color": "White",
    "pet_weight": "1 kg",
    "pet_age": "11 months",
    "pet_description": "While it is primarily found in the Arctic tundra of North America, Europe and Asia, these snowy-speckled birds will sometimes visit the Eastern Seaboard of the United States. It is one of the largest owl species, and it is the heaviest.",
    "pet_price": "1999",
    "pet_unit": "14"
  },
  {
    "pet_id": "148",
    "pet_breed": "Brahma Rooster",
    "pet_url": "https://static3.depositphotos.com/1003283/157/i/450/depositphotos_1574098-stock-photo-light-brahma-rooster-and-hen.jpg",
    "pet_category": "other",
    "pet_color": "White and Black",
    "pet_weight": "2 kg",
    "pet_age": "9 months",
    "pet_description": "Look at this large but beautiful rooster the Brahma. Originally known as the King of Chickens they were the largest breed around until the advent of the Jersey Giant.",
    "pet_price": "1800",
    "pet_unit": "42"
  },
  {
    "pet_id": "149",
    "pet_breed": "Buff Orpington",
    "pet_url": "https://tbnranch.files.wordpress.com/2019/08/buff-orpington.jpg?w=840",
    "pet_category": "other",
    "pet_color": "Light Brown",
    "pet_weight": "2 kg",
    "pet_age": "8 months",
    "pet_description": "Buffs originated in the Orpington area of Kent, England in the early 1900s (by William Cook, the same man that gave us the popular Buff Orpington chicken).  A medium size duck, originally bred as an egg laying breed, you can expect an average of 3-5 white to light brown eggs per week.",
    "pet_price": "1300",
    "pet_unit": "46"
  },
  {
    "pet_id": "150",
    "pet_breed": "Runner Duck",
    "pet_url": "https://da1urhpfd469z.cloudfront.net/uploads/advertphotos/20/0822/42535197-263-600x600.jpg",
    "pet_category": "other",
    "pet_color": "White And Brown",
    "pet_weight": "1.5 kg",
    "pet_age": "3 months",
    "pet_description": "These ducks do not have the typical duck body shape they are lightweight and stand upright like penguins, they always remind me of bowling pins!",
    "pet_price": "1200",
    "pet_unit": "48"
  }
]