[
  {
    "sale_post_id": "20001",
    "pet_breed": "Persian cat",
    "pet_url": "https://favcats.com/wp-content/uploads/howtoremovepersiancatknots_D669F19F.jpg",
    "pet_category": "Cat",
    "pet_color": "White",
    "pet_weight": "2 kg",
    "pet_age": "3 months",
    "pet_description": "The Persian is the glamor puss of the cat world. His beautiful, flowing coat, sweet face and calm personality have combined to make him the most popular cat breed. He is high maintenance and he has some health issues, but for many his looks and personality overcome those drawbacks.",
    "pet_price": "3000",
    "pet_unit": "3",
    "customer_id": "10002",
    "customer_name": "Sakib Soumik",
    "customer_phone": "01521312112"
  },
  {
    "sale_post_id": "20002",
    "pet_breed": "Turkish Van cat",
    "pet_url": "https://rarest.org/wp-content/uploads/2019/02/Turkish-Angora.jpg",
    "pet_category": "cat",
    "pet_color": "white",
    "pet_weight": "1.5 kg",
    "pet_age": "2 months",
    "pet_description": "The Turkish Van cat is a large, muscular yet elegant breed with a white body and distinctively coloured head and tail. These cats are well balanced and strong in appearance. The large ears are set high on the head and the eyes are large, oval and expressive.",
    "pet_price": "3000",
    "pet_unit": "5",
    "customer_id": "10002",
    "customer_name": "Sakib Soumik",
    "customer_phone": "01521312112"
  },
  {
    "sale_post_id": "20003",
    "pet_breed": "Himalayan",
    "pet_url": "https://1.bp.blogspot.com/-tWV4DY6no4M/X1fAw1mbQ7I/AAAAAAAAx9w/yKQaOiUq3CgdhhCIpUiSPXrF_12vftDkACLcBGAsYHQ/w625-h625/h.jpg",
    "pet_category": "cat",
    "pet_color": "Black and white",
    "pet_weight": "3 kg",
    "pet_age": "5 months",
    "pet_description": "The Himalayan is usually a medium-sized cat although she is massive and heavily boned. ... The Himalayan is an extreme looking breed. The body is short but thick with thick legs and a short, thick neck. The boning is heavy but the tail is short and the ears are small.",
    "pet_price": "5000",
    "pet_unit": "5",
    "customer_id": "10002",
    "customer_name": "Sakib Soumik",
    "customer_phone": "01521312112"
  },
  {
    "sale_post_id": "20005",
    "pet_breed": "Brahma Rooster",
    "pet_url": "https://static3.depositphotos.com/1003283/157/i/450/depositphotos_1574098-stock-photo-light-brahma-rooster-and-hen.jpg",
    "pet_category": "other",
    "pet_color": "White and Black",
    "pet_weight": "2 kg",
    "pet_age": "9 months",
    "pet_description": "Look at this large but beautiful rooster the Brahma.Originally known as the King of Chickens they were the largest breed around until the advent of the Jersey Giant.",
    "pet_price": "180",
    "pet_unit": "2",
    "customer_id": "10009",
    "customer_name": "Mohammad Bin Yousuf",
    "customer_phone": "01118882234"
  },
  {
    "sale_post_id": "20006",
    "pet_breed": "Parakeets",
    "pet_url": "https://1.bp.blogspot.com/-3qpxwgpiZdA/X1fGMa5lwbI/AAAAAAAAx-U/YJCecGI8JX8okhX4QDsNitp1Hq8gkegXACLcBGAsYHQ/w625-h625/p.jpg",
    "pet_category": "bird",
    "pet_color": "Blue and white",
    "pet_weight": "300 grams",
    "pet_age": "2 months",
    "pet_description": "Parakeets need fresh water daily, and small bowls of food in the cage so they can fly from one to another, Blanchette says. Feed your parakeet pellets mixed with a few seeds as well as fresh veggies, like carrot strips or broccoli florets.",
    "pet_price": "3200",
    "pet_unit": "48",
    "customer_id": "10009",
    "customer_name": "Mohammad Bin Yousuf",
    "customer_phone": "01118882234"
  },
  {
    "sale_post_id": "20007",
    "pet_breed": "American Rabbit",
    "pet_url": "https://mohrs.org/wp-content/uploads/2015/11/bunnyinhand-600x600.jpg",
    "pet_category": "other",
    "pet_color": "Golden",
    "pet_weight": "1 kg",
    "pet_age": "3 months",
    "pet_description": "The rare breed is a great choice for first-time owners because of its calm, sweet nature. Young children, however, are not recommended to care for them since they are shy and may bite if not handled gently.",
    "pet_price": "3500",
    "pet_unit": "50",
    "customer_id": "10009",
    "customer_name": "Mohammad Yousuf",
    "customer_phone": "01118882234"
  },
  {
    "sale_post_id": "20008",
    "pet_breed": "Betta",
    "pet_url": "https://i.pinimg.com/736x/30/0e/e7/300ee7b61556b2c77f0248ebbf67fbfc.jpg",
    "pet_category": "fish",
    "pet_color": "Greenish Black and orange",
    "pet_weight": "50 grams",
    "pet_age": "1 months",
    "pet_description": "For ease of maintenance, bettas can't be beat. Also known as Siamese fighting fish, bettas require separation from most other species, which means these brilliantly colored swimmers do well in small fish bowls. While keeping male bettas separate is imperative, some female bettas can live in tanks with other fish. Bettas are a cold-water species.",
    "pet_price": "500",
    "pet_unit": "40",
    "customer_id": "10009",
    "customer_name": "Mohammad Yousuf",
    "customer_phone": "01118882234"
  },
  {
    "sale_post_id": "20009",
    "pet_breed": "Parrotlets",
    "pet_url": "https://1.bp.blogspot.com/-3CXxPtn7Dog/X1fGlCjAuRI/AAAAAAAAx-c/V4mDFlp6InsZl6fOJxnXGjFu99OFqP54QCLcBGAsYHQ/w625-h625/pp.jpg",
    "pet_category": "bird",
    "pet_color": "Green",
    "pet_weight": "150 grams",
    "pet_age": "2 months",
    "pet_description": "You'll want spend quality time with this bird, or else your pet parrotlet can pick at the bars of their cage, rip things apart in your house or pluck at their feathers, Blanchette says. So, like all birds, get a roomy cage, put in plenty of interesting toys that are changed up weekly, and get up close and personal with your bird",
    "pet_price": "2250",
    "pet_unit": "47",
    "customer_id": "10009",
    "customer_name": "Mohammad Yousuf",
    "customer_phone": "01118882234"
  },
  {
    "sale_post_id": "20010",
    "pet_breed": " Platies",
    "pet_url": "https://1.bp.blogspot.com/-fGbqw5WgHjQ/X1fRA9jlBzI/AAAAAAAAx_w/bQEWrb4zEME8zQ6bl1a1XGypbaMlJJscQCLcBGAsYHQ/w625-h625/p.jpg",
    "pet_category": "fish",
    "pet_color": "Red",
    "pet_weight": "10 gm",
    "pet_age": "2 months",
    "pet_description": "Platies are ideal for those getting started in tropical fishkeeping. They are available in dozens of shades, and their harmonious natures mean they are good community fish. If you only have room for a smaller tank, around 10 gallons, little platies make a good choice.",
    "pet_price": "100",
    "pet_unit": "10",
    "customer_id": "10014",
    "customer_name": "Fairuz Nawar",
    "customer_phone": "01681033839"
  },
  {
    "sale_post_id": "20011",
    "pet_breed": "Conures",
    "pet_url": "https://1.bp.blogspot.com/-xCTSyNmKxhk/X1fG_3s8FXI/AAAAAAAAx-k/2pXSc8beLVw0n8PTeYhmTXF68bNh5yy2gCLcBGAsYHQ/w625-h625/c.jpg",
    "pet_category": "bird",
    "pet_color": "Yellow",
    "pet_weight": "200 gm",
    "pet_age": "5 months",
    "pet_description": "These birds also rank among the best parrots for pets, according to the 8 percent of bird parents who have one. They come in all sizes and colors, from the smaller green-cheeked conure to the larger sun and blue-crowned conures.",
    "pet_price": "1500",
    "pet_unit": "3",
    "customer_id": "10014",
    "customer_name": "Fairuz Nawar",
    "customer_phone": "01681033839"
  },
  {
    "sale_post_id": "20012",
    "pet_breed": "Runner Duck",
    "pet_url": "https://da1urhpfd469z.cloudfront.net/uploads/advertphotos/20/0822/42535197-263-600x600.jpg",
    "pet_category": "",
    "pet_color": "Yellow",
    "pet_weight": "50gm",
    "pet_age": "10 days",
    "pet_description": "These ducks do not have the typical duck body shape they are lightweight and stand upright like penguins, they always remind me of bowling pins!",
    "pet_price": "500",
    "pet_unit": "5",
    "customer_id": "10014",
    "customer_name": "Fairuz Nawar",
    "customer_phone": "01681033839"
  },
  {
    "sale_post_id": "20013",
    "pet_breed": "Angel",
    "pet_url": "https://1.bp.blogspot.com/-ppH3eyWvg-Q/X1fMyocCffI/AAAAAAAAx_Y/eSITCGEZfXMRmxLPoPfU-DEJ70MY8PTQwCLcBGAsYHQ/w625-h625/angel.jpg",
    "pet_category": "fish",
    "pet_color": "asdfg",
    "pet_weight": "2233",
    "pet_age": "12",
    "pet_description": "1fdgrdh",
    "pet_price": "100",
    "pet_unit": "2",
    "customer_id": "10014",
    "customer_name": "Fairuz Nawar",
    "customer_phone": "01681033839"
  }
]