[
  {
    "user_id": "10001",
    "user_name": "demo",
    "user_password": "21232f297a57a5a743894a0e4a801fc3",
    "user_phone": "demo",
    "user_address": "demo",
    "user_email": "demo@gmail.com"
  },
  {
    "user_id": "10002",
    "user_name": "sakib soumik",
    "user_password": "B5-9C-67-BF-19-6A-47-58-19-1E-42-F7-66-70-CE-BA",
    "user_phone": "01521312112",
    "user_address": "Flat:401,House:123,Block:F,Road:10/7,South Banasree,Dhaka",
    "user_email": "sakibsoumik01@gmail.com"
  },
  {
    "user_id": "10003",
    "user_name": "Emti",
    "user_password": "B5-9C-67-BF-19-6A-47-58-19-1E-42-F7-66-70-CE-BA",
    "user_phone": "01710918241",
    "user_address": "Flat:401,House:123,Block:F,Road:10/7,South Banasree,Dhaka",
    "user_email": "ahmedemtiaz49@gmail.com"
  },
  {
    "user_id": "10004",
    "user_name": "a",
    "user_password": "B5-9C-67-BF-19-6A-47-58-19-1E-42-F7-66-70-CE-BA",
    "user_phone": "01521312112",
    "user_address": "Flat:401,House:123,Block:F,Road:10/7,South Banasree,Dhaka",
    "user_email": "b@gmail.com"
  },
  {
    "user_id": "10005",
    "user_name": "Fairuz Nawar",
    "user_password": "95-AF-80-CA-B6-19-07-3B-30-97-0F-1B-BB-A1-D4-2E",
    "user_phone": "01681033839",
    "user_address": "lalmatia",
    "user_email": "fairuznawarupoma@gmail.com"
  },
  {
    "user_id": "10006",
    "user_name": "upoma",
    "user_password": "B5-9C-67-BF-19-6A-47-58-19-1E-42-F7-66-70-CE-BA",
    "user_phone": "11111",
    "user_address": "asdf",
    "user_email": "a@gmail.com"
  },
  {
    "user_id": "10007",
    "user_name": "asdf",
    "user_password": "B5-9C-67-BF-19-6A-47-58-19-1E-42-F7-66-70-CE-BA",
    "user_phone": "1111",
    "user_address": "sdf",
    "user_email": "v@gmai.com"
  },
  {
    "user_id": "10008",
    "user_name": "a",
    "user_password": "B5-9C-67-BF-19-6A-47-58-19-1E-42-F7-66-70-CE-BA",
    "user_phone": "1111",
    "user_address": "asd",
    "user_email": "d@gmail.com"
  },
  {
    "user_id": "10009",
    "user_name": "x",
    "user_password": "81-DC-9B-DB-52-D0-4D-C2-00-36-DB-D8-31-3E-D0-55",
    "user_phone": "1234",
    "user_address": "1234",
    "user_email": "x@gmail.com"
  },
  {
    "user_id": "10010",
    "user_name": "qw",
    "user_password": "AD-57-48-40-16-65-4D-A8-71-25-DB-86-F4-22-7E-A3",
    "user_phone": "qq",
    "user_address": "qq",
    "user_email": "qq"
  },
  {
    "user_id": "10011",
    "user_name": "as",
    "user_password": "03-C7-C0-AC-E3-95-D8-01-82-DB-07-AE-2C-30-F0-34",
    "user_phone": "d",
    "user_address": "a",
    "user_email": "s"
  },
  {
    "user_id": "10012",
    "user_name": "x@gmail.com",
    "user_password": "C8-1E-72-8D-9D-4C-2F-63-6F-06-7F-89-CC-14-86-2C",
    "user_phone": "3",
    "user_address": "1",
    "user_email": "1"
  },
  {
    "user_id": "10013",
    "user_name": "x",
    "user_password": "9D-D4-E4-61-26-8C-80-34-F5-C8-56-4E-15-5C-67-A6",
    "user_phone": "x",
    "user_address": "x",
    "user_email": "x"
  },
  {
    "user_id": "10014",
    "user_name": "Fairuz Nawar",
    "user_password": "82-7C-CB-0E-EA-8A-70-6C-4C-34-A1-68-91-F8-4E-7B",
    "user_phone": "01681033839",
    "user_address": "8/1, Block B, Rangs Nandini, Lalmatia, Dhaka",
    "user_email": "fairuznawar@gmail.com"
  },
  {
    "user_id": "10015",
    "user_name": "b",
    "user_password": "92-EB-5F-FE-E6-AE-2F-EC-3A-D7-1C-77-75-31-57-8F",
    "user_phone": "b",
    "user_address": "b",
    "user_email": "b"
  },
  {
    "user_id": "10016",
    "user_name": "upoma",
    "user_password": "81-DC-9B-DB-52-D0-4D-C2-00-36-DB-D8-31-3E-D0-55",
    "user_phone": "0111111111111",
    "user_address": "dhaka",
    "user_email": "h@gmail.com"
  },
  {
    "user_id": "10017",
    "user_name": "sakib",
    "user_password": "E1-0A-DC-39-49-BA-59-AB-BE-56-E0-57-F2-0F-88-3E",
    "user_phone": "0111",
    "user_address": "jfkhgg",
    "user_email": "s@gmail.com"
  }
]